{
  "final_balance": 9407.353937928543,
  "total_trades": 208,
  "win_rate": 0.47596153846153844,
  "pattern_performance": {
    "NVDL": {
      "DUDN": [
        -0.04039133309419185
      ],
      "NUUN": [
        -0.6049250847141585,
        2.816005386809628
      ],
      "DDNN": [
        -1.5723213368437738
      ],
      "DNDU": [
        0.33169712106497773
      ],
      "NNNN": [
        -2.341892577638649,
        1.6748909970029868,
        0.25108399766999856,
        0.7721469438616735
      ],
      "NNDN": [
        -1.721809723404677,
        -2.316288724000759,
        4.7687208701723165
      ],
      "NNDU": [
        1.5968180729774573,
        3.1188783570011758,
        3.6709471308258967,
        4.165427448957204,
        -2.4242340010252494,
        2.1696300573949445,
        3.003277279725336,
        -2.316590091102766,
        -2.1404429585934026
      ],
      "NUNU": [
        -3.1350511754764443
      ],
      "NDDD": [
        4.1180867854424985,
        -0.5487257837771375,
        -2.394870431008733
      ],
      "UNUD": [
        -0.9438348310041755
      ],
      "UUUN": [
        -2.090700282407232,
        -4.043500671386524
      ],
      "UNDU": [
        3.5733764586441508
      ],
      "NDNN": [
        -2.9729630088030534
      ],
      "DNUU": [
        -3.051664432665757,
        -2.444279747479805
      ],
      "NUND": [
        0.9011133310100838,
        -3.2779903745394967,
        -2.8335170696803136,
        4.444226366080417
      ],
      "UDUU": [
        -2.9956463636461095
      ],
      "UUDD": [
        0.3128869924764133,
        -0.7168258619442591
      ],
      "DUNN": [
        1.3927225145044853,
        3.350286516501355
      ],
      "UDNN": [
        3.7139534770598837
      ],
      "NDNU": [
        -0.6461025882299465,
        1.0736102004518022,
        -2.698668408644622,
        -0.26464231260097115,
        -3.326262870209473,
        0.8129218400175775,
        -2.8895585002822965,
        -1.4190331336589201
      ],
      "NUDN": [
        0.07681008264119882,
        -2.8699245904269977,
        0.8418359242353457
      ],
      "NNNU": [
        -1.4271531596836584,
        -0.31513797829305634,
        -2.1151830143227635,
        3.4389886083341037
      ],
      "UDND": [
        1.0444822509764973,
        1.9711723416074411
      ],
      "UNNN": [
        3.7481126884112426
      ],
      "NDDN": [
        -4.626077426617514,
        0.5103342191180582
      ],
      "UUNN": [
        1.1742349196769086,
        -3.3808423548581934
      ],
      "UUND": [
        3.3813713266982903
      ],
      "NDUN": [
        -2.019396459595657,
        -2.9763371561481455
      ],
      "DDNU": [
        4.0106480985136805,
        3.199829637731555,
        3.845856586084506,
        -2.264352116768553,
        -1.552889390691936
      ],
      "DNUN": [
        2.8926373820521656,
        0.5364968454634855
      ],
      "DUUD": [
        -1.317669959671841
      ],
      "UDDD": [
        -3.030148013684575,
        -2.0282097838724367,
        3.4200284716006335
      ],
      "NNUU": [
        0.9540767162885766,
        3.7687420694939577,
        -0.6576504459795851,
        -2.37851464311688
      ],
      "NNDD": [
        -3.0936464508735773,
        -1.0433096431687106,
        2.7412949227212158
      ],
      "NUNN": [
        -2.585808893500896
      ],
      "DNDN": [
        -4.147335183276923
      ],
      "DNNN": [
        -1.9936783368647792
      ],
      "DDND": [
        -0.3140934508110482,
        2.668858647831862
      ],
      "UNUU": [
        -0.40301669636926274
      ],
      "DDDD": [
        0.4033508099952954
      ],
      "DDDU": [
        -3.7697225066561812,
        -2.4577832315719084
      ],
      "DNUD": [
        0.5681577373893743,
        -4.644480858047562
      ],
      "UUUD": [
        3.545119728826629
      ],
      "UNUN": [
        0.055791018864170816
      ],
      "UNDN": [
        -0.9590564859174644
      ],
      "UDDU": [
        -2.4555447951983167
      ],
      "UNND": [
        1.683497857676619
      ],
      "UNNU": [
        0.28497729970915486
      ],
      "UDNU": [
        -5.4938465921381745
      ],
      "UDUN": [
        3.5667829653794114
      ],
      "DNND": [
        0.8052169673868681
      ],
      "UUUU": [
        -3.784743620100306
      ],
      "NDDU": [
        -2.9278282484366924
      ]
    },
    "NVDQ": {
      "DDNU": [
        -1.7226349891440673,
        -3.0701403508716307
      ],
      "UDUN": [
        0.9201413247138301,
        2.012456942852525
      ],
      "NNDU": [
        -0.06484821903156579,
        -0.1347007177684878
      ],
      "DDNN": [
        -1.837281785895506,
        -0.5305856551150789
      ],
      "UUNU": [
        0.735693056880482,
        2.1846970106281116
      ],
      "NNUD": [
        1.4830454024481465,
        2.6483800181706485,
        -1.3002330788519867,
        -1.4144560856218291
      ],
      "UUNN": [
        0.47822289703889354
      ],
      "UUUN": [
        -1.8167763169821605
      ],
      "NNND": [
        0.49334742451940805,
        -2.024571014683918
      ],
      "NNUU": [
        0.9646287822215882,
        -2.64273179522283
      ],
      "NDDU": [
        1.04738144147003
      ],
      "NUUD": [
        0.19122402067373034
      ],
      "DUDN": [
        0.17197506229402748,
        -2.529907480386573
      ],
      "UNUN": [
        2.0526242539922634,
        0.6540949331920842,
        -0.3250089979025983
      ],
      "UNNU": [
        1.4435014308888938
      ],
      "NUND": [
        -1.2620911455346828,
        -3.4081400425210795
      ],
      "DUNN": [
        1.099322281497539
      ],
      "NDND": [
        -2.173570813029224
      ],
      "DNDN": [
        0.24634534188301416,
        -0.23291263079014968,
        1.4675038374115434,
        -0.4477252228807016
      ],
      "DDDD": [
        -0.6372443180366894
      ],
      "DNNN": [
        -1.6692275721780003
      ],
      "NDNN": [
        3.450526621700889,
        -2.053829203366031
      ],
      "NNNN": [
        -2.87433551710663,
        3.14073459799753,
        0.7695944917955444,
        2.390415801184842,
        -0.9559280370608381,
        1.3131884082141276,
        -2.848024936250715,
        0.14078554535272847
      ],
      "NUNU": [
        -2.717560552139231,
        -2.0023627574020875,
        -0.22142438763839145,
        0.10631589674052755,
        -1.223469886370876,
        -2.0729664456300645,
        -2.1050243308099903
      ],
      "DUUN": [
        -1.3646418394548165
      ],
      "DDND": [
        0.09330059886889508
      ],
      "NDDD": [
        1.7916273427626805,
        -2.3943169295251865
      ],
      "UNDD": [
        3.0925780961874594,
        0.9064390139584599
      ],
      "UUDN": [
        4.389057502364535
      ],
      "UDDD": [
        3.774806183413304
      ],
      "NNDN": [
        0.44428448603455184,
        0.7795582936442447,
        1.396201992977053,
        0.6092691756235391
      ],
      "UDUU": [
        3.123721711422789
      ],
      "UNNN": [
        -2.667482953905198,
        -0.35416673783170705
      ],
      "UDND": [
        -2.1190996102598447
      ],
      "DNUN": [
        -0.5145500651572377
      ],
      "UNUD": [
        0.9434260546440587
      ],
      "NDNU": [
        -1.4540616284114627
      ],
      "NUNN": [
        1.577919704319375,
        -2.0467430543263276,
        1.6206628507527299,
        3.3572744424895884,
        1.2061036271670211,
        -2.610209011913467,
        2.8554950154247694,
        -2.0452956120429633
      ],
      "DNUD": [
        0.2642120807694104
      ],
      "NUUN": [
        -0.5811688765119616
      ],
      "UNDU": [
        1.0423959287002127
      ],
      "UDDN": [
        -1.1478732820511706,
        1.762695451188634
      ],
      "NNNU": [
        -0.7919356153392787
      ],